layer_width,reduction_percent,stop_condition,dropout_rate,focal_gamma,focal_alpha,sampling_strategy,k_neighbors,epochs,batch_size,random_state,prob_range,mean_discrimination,roc_auc,composite_score,loss_penalty,class_0_mean,class_1_mean,prob_std,test_loss,test_accuracy,test_precision,test_recall,balanced_accuracy,f1_class_0,f1_class_1,ece
1,0.951,5,0.5,2.5,0.25,0.95,5,80,256,42,0.59753317,0.25251025,0.7498676920085974,0.843227193515578,0.834250979363332,0.70540494,0.8562882,0.16954847,0.19868004322052002,0.8054794669151306,0.8354935050010681,0.9458239078521729,0.6957105209154633,0.4579710144927536,0.7506666666666667,0.03686071462827187
