layer_width,reduction_percent,stop_condition,dropout_rate,focal_gamma,focal_alpha,sampling_strategy,k_neighbors,epochs,batch_size,random_state,prob_range,mean_discrimination,roc_auc,composite_score,loss_penalty,class_0_mean,class_1_mean,prob_std,test_loss,test_accuracy,test_precision,test_recall,balanced_accuracy,f1_class_0,f1_class_1,ece
1,0.92,10,0.6,1.5,0.1,0.95,10,100,256,42,0.74490666,0.23307888,0.7528587803139017,0.8349914836175852,0.7967963093185475,0.67217094,0.84579295,0.19766013,0.2550258934497833,0.7976291179656982,0.8416988253593445,0.9208025336265564,0.6988397909728428,0.4686299615877081,0.7375079063883618,0.06276095193589168
