layer_width,reduction_percent,stop_condition,dropout_rate,focal_gamma,focal_alpha,sampling_strategy,k_neighbors,epochs,batch_size,random_state,prob_range,mean_discrimination,roc_auc,composite_score,loss_penalty,class_0_mean,class_1_mean,prob_std,test_loss,test_accuracy,test_precision,test_recall,balanced_accuracy,f1_class_0,f1_class_1,ece
1,0.902,20,0.3,2.5,0.35,0.9,10,20,256,42,0.67272305,0.16562417,0.7391834907771679,0.8321291470149793,0.8903777328614344,0.6712999,0.7827191,0.12515809,0.12311883270740509,0.8089500665664673,0.8203054666519165,0.9764705896377563,0.6752008292303706,0.4435483870967742,0.7379746835443038,0.04818923499518543
