layer_width,reduction_percent,stop_condition,dropout_rate,focal_gamma,focal_alpha,sampling_strategy,k_neighbors,epochs,batch_size,random_state,prob_range,mean_discrimination,roc_auc,composite_score,loss_penalty,class_0_mean,class_1_mean,prob_std,test_loss,test_accuracy,test_precision,test_recall,balanced_accuracy,f1_class_0,f1_class_1,ece
1,0.86,15,0.65,1.5,0.45,minority,5,110,256,42,0.7368923,0.22197255,0.7536359608568346,0.8462534023395418,0.8356261850456341,0.63847435,0.8020442,0.17545544,0.1967073529958725,0.8079930543899536,0.8460784554481506,0.9309600591659546,0.6855712552011095,0.4469135802469136,0.6997319034852547,0.03517529795627611
