mean,median,std,min,max,q25,q75,total_pairs
14.453604994928275,12.294881820678711,6.015777235781493,0.0037560462951660156,33.15880584716797,10.509618282318115,17.23520278930664,30462915
