mean,median,std,min,max,q25,q75,total_pairs
22.29337554988137,16.004779815673828,15.177442633687098,0.0017991960048675537,55.124122619628906,12.825501441955566,22.98603057861328,31716630
