mean,median,std,min,max,q25,q75,total_pairs
14.676315137382373,13.059491634368896,5.248593755733454,0.0011963844299316406,33.31023025512695,11.048766136169434,18.278985500335693,28181278
