mean,median,std,min,max,q25,q75,total_pairs
13.772803347516042,11.745235443115234,5.4917336801094505,0.002521514892578125,33.272926330566406,10.191686391830444,17.963453769683838,30174796
